Time (ms),Stimulus (%),Trigger,Spikeling Fluorescence,Spikeling Calcium,Spikeling Vm (mV)
0.0,0.0,0.0,21.12382712962408,16.530967344583807,-94.99
0.1,0.0,0.0,23.12926995432582,16.4901059166093,-94.99
0.2,0.0,0.0,20.24185466703628,16.528185312612155,-94.99
0.30000000000000004,0.0,0.0,20.64384143439035,16.547202689022956,-94.99
0.4,0.0,0.0,22.5546289064359,16.552412015278144,-94.99
0.5,0.0,0.0,22.948280950753247,16.573997245496464,-95.0
0.6000000000000001,0.0,0.0,20.99380019093029,16.54436832692663,-95.0
0.7000000000000001,0.0,0.0,22.451279038858406,16.663849618792263,-95.0
0.8,0.0,0.0,19.77528395141298,16.635757647208383,-95.0
0.9,0.0,0.0,21.897610800071423,16.741929299557547,-95.0
1.0,0.0,0.0,22.573347853155493,16.80213196489205,-95.0
1.1,0.0,0.0,23.2095524558803,16.827888377591268,-94.99
1.2000000000000002,0.0,0.0,21.717354041509164,16.78873778637368,-94.99
1.3,0.0,0.0,21.43035173779739,16.760676142348714,-94.99
1.4000000000000001,0.0,0.0,20.943093150164152,16.768395452326423,-94.99
1.5,0.0,0.0,21.83081253616571,16.83912030068911,-94.99
1.6,0.0,0.0,23.693569727225082,16.868162779731303,-94.99
1.7000000000000002,0.0,0.0,21.765835888908185,16.763049635343098,-95.0
1.8,0.0,0.0,22.145731325198756,16.76532525109494,-95.0
